{
    "Normal": {
        "precision": 0.8181818181818182,
        "recall": 0.07692307692307693,
        "f1-score": 0.140625,
        "support": 234.0
    },
    "Pneumonia": {
        "precision": 0.6411960132890365,
        "recall": 0.9897435897435898,
        "f1-score": 0.7782258064516129,
        "support": 390.0
    },
    "accuracy": 0.6474358974358975,
    "macro avg": {
        "precision": 0.7296889157354274,
        "recall": 0.5333333333333333,
        "f1-score": 0.45942540322580644,
        "support": 624.0
    },
    "weighted avg": {
        "precision": 0.7075656901238297,
        "recall": 0.6474358974358975,
        "f1-score": 0.539125504032258,
        "support": 624.0
    }
}