{
    "accuracy": [
        0.7425230145454407,
        0.762269914150238,
        0.8159509301185608,
        0.8316717743873596,
        0.8590874075889587,
        0.8726993799209595,
        0.8922545909881592
    ],
    "auc": [
        0.6059814095497131,
        0.8215298652648926,
        0.8759749531745911,
        0.8888266682624817,
        0.9113562107086182,
        0.9289747476577759,
        0.9443544745445251
    ],
    "loss": [
        0.5536772608757019,
        0.4371890127658844,
        0.375670462846756,
        0.35779717564582825,
        0.32441186904907227,
        0.29303574562072754,
        0.25763943791389465
    ],
    "precision": [
        0.7530987858772278,
        0.8184674978256226,
        0.8830485939979553,
        0.9070904850959778,
        0.9109947681427002,
        0.921944797039032,
        0.9378799796104431
    ],
    "recall": [
        0.9721290469169617,
        0.8738064765930176,
        0.8670967817306519,
        0.8616774082183838,
        0.8980644941329956,
        0.9052903056144714,
        0.9156128764152527
    ],
    "val_accuracy": [
        0.625,
        0.5,
        0.5,
        0.75,
        0.75,
        0.5625,
        0.625
    ],
    "val_auc": [
        0.765625,
        0.875,
        0.90625,
        0.859375,
        0.90625,
        0.8046875,
        0.859375
    ],
    "val_loss": [
        0.6071134805679321,
        0.7007414698600769,
        1.0535686016082764,
        0.5802862048149109,
        0.7027645707130432,
        0.8678504228591919,
        0.9320486187934875
    ],
    "val_precision": [
        0.5833333134651184,
        0.5,
        0.5,
        0.6666666865348816,
        0.699999988079071,
        0.5333333611488342,
        0.5714285969734192
    ],
    "val_recall": [
        0.875,
        1.0,
        1.0,
        1.0,
        0.875,
        1.0,
        1.0
    ]
}